<?xml version="1.0" encoding="utf-8"?>
<Database>
	<LocalizedText>
		<!-- Update these symbols if desired -->
		<!-- Original symbols used: ∞ ⊗ ★ -->
		<Replace Tag="LOC_PLOT_MOD_TCS_AGELESS" Language="ko_KR">
			<Text>∞ 시대 초월</Text>
		</Replace>
		<Replace Tag="LOC_PLOT_MOD_TCS_OBSOLETE" Language="ko_KR">
			<Text>⊗ 구시대</Text>
		</Replace>
		<Replace Tag="LOC_PLOT_MOD_TCS_UNIQUE" Language="ko_KR">
			<Text>★ 특유</Text>
		</Replace>
		<Replace Tag="LOC_PLOT_MOD_TCS_FULL_TILE" Language="ko_KR">
			<Text>타일 전체 점유</Text>
		</Replace>
		<Replace Tag="LOC_PLOT_MOD_TCS_CONNECTED" Language="ko_KR">
			<Text>연결된 정착지 ⇄</Text>
		</Replace>
		
		<Replace Tag="LOC_PLOT_MOD_TCS_TERRAIN_BIOME" Language="ko_KR">
			<Text>{1_Terrain} {2_Biome}</Text>
		</Replace>	
		<Replace Tag="LOC_PLOT_MOD_TCS_FEATURE_RIVER" Language="ko_KR">
			<Text>{1_Feature} • {2_River}</Text>
		</Replace>
		<Replace Tag="LOC_PLOT_MOD_TCS_VOLCANO" Language="ko_KR">
			<Text>{1_Name} ({2_Status} 화산)</Text>
		</Replace>
		<Replace Tag="LOC_PLOT_MOD_TCS_UNNAMED_VOLCANO" Language="ko_KR">
			<Text>{1_Status} 화산</Text>
		</Replace>
		<Replace Tag="LOC_PLOT_MOD_TCS_DORMANT" Language="ko_KR">
			<Text>{LOC_VOLCANO_NOT_ACTIVE}</Text>
		</Replace>
		<Replace Tag="LOC_PLOT_MOD_TCS_ROUTE_FERRY" Language="ko_KR">
			<Text>{1_Route} • {LOC_NAVIGABLE_RIVER_FERRY}</Text>
		</Replace>
		<Replace Tag="LOC_PLOT_MOD_TCS_COORDINATES" Language="ko_KR">
			<Text>좌표({1_X},{2_Y})</Text>
		</Replace>
		<Replace Tag="LOC_PLOT_MOD_TCS_CONSTRUCTIBLE_NAME" Language="ko_KR">
			<Text>{1_Name} {2_Tag}</Text>
		</Replace>
		<Replace Tag="LOC_PLOT_MOD_TCS_WILDERNESS" Language="ko_KR">
			<Text>{LOC_DISTRICT_WILDERNESS_NAME}</Text>
		</Replace>
		<Replace Tag="LOC_PLOT_MOD_TCS_RURAL" Language="ko_KR">
			<Text>{LOC_DISTRICT_RURAL_NAME}</Text>
		</Replace>
		<Replace Tag="LOC_PLOT_MOD_TCS_URBAN" Language="ko_KR">
			<Text>{LOC_DISTRICT_URBAN_NAME}</Text>
		</Replace>
		<Replace Tag="LOC_PLOT_MOD_TCS_QUARTER" Language="ko_KR">
			<Text>구역</Text>
		</Replace>
		<Replace Tag="LOC_PLOT_MOD_TCS_UNIQUE_QUARTER" Language="ko_KR">
			<Text>{1_Adjective} 특유 구역</Text>
		</Replace>
		<Replace Tag="LOC_PLOT_MOD_TCS_CITY_CENTER" Language="ko_KR">
			<Text>{LOC_DISTRICT_CITY_CENTER_NAME}</Text>
		</Replace>
		<Replace Tag="LOC_PLOT_MOD_TCS_WONDER" Language="ko_KR">
			<Text>{LOC_DISTRICT_WONDER_NAME}</Text>
		</Replace>
		<Replace Tag="LOC_PLOT_MOD_TCS_SPECIALIST_COUNT" Language="ko_KR">
			<Text>전문가 {1_Count} / {2_Max}</Text>
		</Replace>
		<Replace Tag="LOC_PLOT_MOD_TCS_FORTIFIED_WALL" Language="ko_KR">
			<Text>[b]요새화[/b] ({1_CurrentHealth}/{2_MaxHealth} HP) • {3_Wall}</Text>
		</Replace>
		<Replace Tag="LOC_PLOT_MOD_TCS_FORTIFIED" Language="ko_KR">
			<Text>[b]요새화[/b] ({1_CurrentHealth}/{2_MaxHealth} HP)</Text>
		</Replace>
		<Replace Tag="LOC_PLOT_MOD_TCS_DISTRICT_HEALTH" Language="ko_KR">
			<Text>{1_CurrentHealth}/{2_MaxHealth} HP</Text>
		</Replace>
		<Replace Tag="LOC_PLOT_MOD_TCS_UNITS" Language="ko_KR">
			<Text>유닛</Text>
		</Replace>
		<Replace Tag="LOC_PLOT_MOD_TCS_CONSTRUCTIBLE_STATUS" Language="ko_KR">
			<Text>{1_Constructible} {2_Status}</Text>
		</Replace>
		<Replace Tag="LOC_PLOT_MOD_TCS_POTENTIAL_IMPROVEMENT" Language="ko_KR">
			<Text>{1_Name}[N][STYLE:text-2xs]건설 가능[/STYLE]</Text>
		</Replace>
		<Replace Tag="LOC_PLOT_MOD_TCS_VILLAGE" Language="ko_KR">
			<Text>독립 세력</Text>
		</Replace>
		<Replace Tag="LOC_PLOT_MOD_TCS_TOWN_GROWING" Language="ko_KR">
			<Text>{LOC_UI_FOOD_CHOOSER_FOCUS_GROWTH}</Text>
		</Replace>
		<Replace Tag="LOC_PLOT_MOD_TCS_TOWN_SPECIALIZED" Language="ko_KR">
			<Text>마을 전문화</Text>
		</Replace>
		<Replace Tag="LOC_PLOT_MOD_TCS_TOWN_FEEDING_PLURAL" Language="ko_KR">
			<Text>{1_Num}개 도시에 식량 공급</Text>
		</Replace>
		<Replace Tag="LOC_PLOT_MOD_TCS_TOWN_FEEDING_SINGULAR" Language="ko_KR">
			<Text>1개 도시에 식량 공급</Text>
		</Replace>
		<Replace Tag="LOC_PLOT_MOD_TCS_NOT_IN_TRADE_NETWORK" Language="ko_KR">
			<Text>교역로 벗어남！</Text>
		</Replace>
		<Replace Tag="LOC_PLOT_MOD_TCS_HAPPY" Language="ko_KR">
			<Text>{LOC_UI_CITY_DETAILS_HAPPY}</Text>
		</Replace>
		<Replace Tag="LOC_PLOT_MOD_TCS_UNHAPPY" Language="ko_KR">
			<Text>{LOC_UI_CITY_DETAILS_UNHAPPY}</Text>
		</Replace>
		<Replace Tag="LOC_PLOT_MOD_TCS_ANGRY" Language="ko_KR">
			<Text>{LOC_UI_CITY_DETAILS_ANGRY}</Text>
		</Replace>
		<Replace Tag="LOC_PLOT_MOD_TCS_PLAGUE" Language="ko_KR">
			<Text>{LOC_PLOTEFFECT_PLAGUE_NAME}</Text>
		</Replace>
		<Replace Tag="LOC_PLOT_MOD_TCS_TRADE_ROUTES" Language="ko_KR">
			<Text>교역로: {1_Current}/{2_Capacity}</Text>
		</Replace>
		<Replace Tag="LOC_PLOT_MOD_TCS_CITY" Language="ko_KR">
			<Text>[icon:YIELD_CITIES] {1_Name}</Text>
		</Replace>
		<Replace Tag="LOC_PLOT_MOD_TCS_TOWN" Language="ko_KR">
			<Text>[icon:YIELD_TOWNS] {1_Name}</Text>
		</Replace>
		<Replace Tag="LOC_PLOT_MOD_TCS_FOOD_ICON_SENDING" Language="ko_KR">
			<Text> [icon:YIELD_FOOD]</Text>
		</Replace>
		<Replace Tag="LOC_PLOT_MOD_TCS_FOOD_ICON_RECEIVING" Language="ko_KR">
			<Text> [icon:YIELD_FOOD]</Text>
		</Replace>
		<Replace Tag="LOC_PLOT_MOD_TCS_RELATIONSHIP_ALLIANCE" Language="ko_KR">
			<Text>({1_Status}{LOC_PLAYER_RELATIONSHIP_ALLIANCE})</Text>
		</Replace>
		<Replace Tag="LOC_PLOT_MOD_TCS_RELATIONSHIP_WAR" Language="ko_KR">
			<Text>({LOC_PLAYER_RELATIONSHIP_AT_WAR})</Text>
		</Replace>
		<Replace Tag="LOC_PLOT_MOD_TCS_RELATIONSHIP_OPEN_BORDERS" Language="ko_KR">
			<Text>({1_Name})</Text>
		</Replace>
		<Replace Tag="LOC_PLOT_MOD_TCS_RELATIONSHIP_OTHER" Language="ko_KR">
			<Text>({1_Status})</Text>
		</Replace>
		<Replace Tag="LOC_PLOT_MOD_TCS_RELATIONSHIP_VASSAL" Language="ko_KR">
			<Text>(플레이어 속국)</Text>
		</Replace>
		<Replace Tag="LOC_PLOT_MOD_TCS_TOP_UNIT" Language="ko_KR">
			<Text>{1_Unit} ({2_Leader})</Text>
		</Replace>
		<Replace Tag="LOC_PLOT_MOD_TCS_ADDITIONAL_UNITS" Language="ko_KR">
			<Text>추가+{1_Count}</Text>
		</Replace>
		<Replace Tag="LOC_PLOT_MOD_TCS_YOURS" Language="ko_KR">
			<Text>플레이어</Text>
		</Replace>
		<Replace Tag="LOC_PLOT_MOD_TCS_MORE_INFO" Language="ko_KR">
			<Text>+ + +</Text>
		</Replace>
		<Replace Tag="LOC_PLOT_MOD_TCS_DISTANT_LANDS" Language="ko_KR">
			<Text>(머나먼 땅)</Text>
		</Replace>
		<Replace Tag="LOC_PLOT_MOD_TCS_FRESH_WATER" Language="ko_KR">
			<Text>{LOC_PLOTKEY_FRESHWATER}</Text>
		</Replace>
		<Replace Tag="LOC_PLOT_MOD_TCS_ORIGINAL_FOUNDER" Language="ko_KR">
			<Text>최초 정착자:{1_Name}</Text>
		</Replace>
		<Replace Tag="LOC_PLOT_MOD_TCS_TOTAL_YIELDS" Language="ko_KR">
			<Text>총 생산량:</Text>
		</Replace>
	</LocalizedText>
</Database>