<?xml version="1.0" encoding="utf-8"?>
<Database>
    <LocalizedText>
        <Row Tag="LOC_OPTIONS_GROUP_LF_YIELDS" Language="ru_RU">
            <Text>Leonardfactory: Прогноз дохода от социальных политик</Text>
        </Row>
        <Row Tag="LOC_MOD_LF_YIELDS_OPTION_COLORFUL" Language="ru_RU">
            <Text>Отображать Доход Различными Цветами</Text>
        </Row>
        <Row Tag="LOC_MOD_LF_YIELDS_OPTION_COLORFUL_DESC" Language="ru_RU">
            <Text>Отображает значения дохода различными цветами для лучшего восприятия информации.</Text>
        </Row>
    </LocalizedText>
</Database>
