<?xml version="1.0" encoding="utf-8"?>
<Database>
    <LocalizedText>
        <Row Tag="LOC_MOD_LF_YIELDS_MOD_NAME" Language="it_IT">
            <Text>Leonardfactory: Anteprima Rese delle Politiche</Text>
        </Row>
        <Row Tag="LOC_MOD_LF_YIELDS_MOD_DESC" Language="it_IT">
            <Text>Aggiunge anteprime delle rese per le carte Politica Sociale (e Politica di Crisi) nella schermata del Governo, permettendoti di vedere l'impatto attuale di ogni carta politica.</Text>
        </Row>
    </LocalizedText>
</Database>
