<?xml version="1.0" encoding="utf-8" standalone="yes"?>
<Database>
	<IconDefinitions>		
		<Row>
            <ID>TCS_ICON_YES</ID>
            <Path>fs://game/tcs-ui-accept.png</Path>
            <Context>DEFAULT</Context>
        </Row>
		<Row>
            <ID>TCS_ICON_NO</ID>
            <Path>fs://game/tcs-ui-decline.png</Path>
            <Context>DEFAULT</Context>
        </Row>
		<Row>
            <ID>TCS_ICON_LOCK</ID>
            <Path>fs://game/tcs-ui-lock.png</Path>
            <Context>DEFAULT</Context>
        </Row>
		<Row>
            <ID>TCS_ICON_KEY</ID>
            <Path>fs://game/tcs-ui-key.png</Path>
            <Context>DEFAULT</Context>
        </Row>
		<Row>
            <ID>TCS_ICON_CHAT</ID>
            <Path>fs://game/tcs-ui-chat.png</Path>
            <Context>DEFAULT</Context>
        </Row>
		<Row>
            <ID>TCS_ICON_ADD</ID>
            <Path>fs://game/tcs-ui-add.png</Path>
            <Context>DEFAULT</Context>
        </Row>
		<Row>
            <ID>TCS_ICON_MINUS</ID>
            <Path>fs://game/tcs-ui-minus.png</Path>
            <Context>DEFAULT</Context>
        </Row>
		<Row>
            <ID>TCS_ICON_QUESTION</ID>
            <Path>fs://game/tcs-ui-question.png</Path>
            <Context>DEFAULT</Context>
        </Row>
		<Row>
            <ID>TCS_ICON_STAR</ID>
            <Path>fs://game/tcs-ui-star.png</Path>
            <Context>DEFAULT</Context>
        </Row>
		<Row>
            <ID>TCS_ICON_WRENCH</ID>
            <Path>fs://game/tcs-ui-wrench.png</Path>
            <Context>DEFAULT</Context>
        </Row>
		<Row>
            <ID>TCS_ICON_SETTINGS</ID>
            <Path>fs://game/tcs-ui-settings.png</Path>
            <Context>DEFAULT</Context>
        </Row>
		<Row>
            <ID>TCS_ICON_SMILE</ID>
            <Path>fs://game/tcs-ui-smile.png</Path>
            <Context>DEFAULT</Context>
        </Row>
		<Row>
            <ID>TCS_ICON_USER</ID>
            <Path>fs://game/tcs-ui-user.png</Path>
            <Context>DEFAULT</Context>
        </Row>
		<Row>
            <ID>TCS_ICON_FORBIDDEN</ID>
            <Path>fs://game/tcs-ui-forbidden.png</Path>
            <Context>DEFAULT</Context>
        </Row>
		<Row>
            <ID>TCS_ICON_CORE</ID>
            <Path>fs://game/tcs-ui-main-page.png</Path>
            <Context>DEFAULT</Context>
        </Row>
		<Row>
            <ID>TCS_ICON_INTERNET</ID>
            <Path>fs://game/tcs-ui-internet.png</Path>
            <Context>DEFAULT</Context>
        </Row>
	</IconDefinitions>
	<IconAliases>
	</IconAliases>
</Database>