<?xml version="1.0" encoding="utf-8"?>
<Database>
	<AiOperationTypes>
    	<Row OperationType="CITY_ATTACK_NO_DIPLO"/>
  	</AiOperationTypes>
	<AiFavoredItems>
		<Row ListType="BaseOperationsLimits" Item="CITY_ATTACK_NO_DIPLO" Value="2" />
	</AiFavoredItems>
	<AllowedOperations>
		<Row ListType="Major Civ Operations" OperationDef="City Attack No Diplomacy"/>
	</AllowedOperations>
	<AiOperationDefs>
		<Row OperationName="City Attack No Diplomacy" TargetType="TARGET_ENEMY_CITY" EnemyType="WAR" OperationType="CITY_ATTACK_NO_DIPLO" BehaviorTree="Simple City Assault No Diplo" SelfStart="True" Priority="3" MaxTargetDistInRegion="10" MaxTargetDistInArea="10" MustBeAtWar="true"/>
	</AiOperationDefs>
	<AiTeams>
		<Row TeamName="Attack City No Diplomacy"/>
	</AiTeams>
	<AiOperationTeams>
		<Row TeamName="Attack City No Diplomacy" OperationName="City Attack No Diplomacy" InitialStrengthAdvantage="-1" OngoingStrengthAdvantage="1"/>
	</AiOperationTeams>
	<OpTeamRequirements>
		<Row TeamName="Attack City No Diplomacy" ClassTag="UNIT_CLASS_COMBAT" MinNumber="5" />
	</OpTeamRequirements>
	<BehaviorTrees>
		<Row TreeName="Settle New Town v2" />
		<!-- 
		There are issues with getting diplomatic tokens with multiple city attack functions.

		What if we make a new one that only runs with no diplo tokens?
		-->
		<Row TreeName="Simple City Assault No Diplo" />
		<Row TreeName="Simple City Assault v2" />
		<Row TreeName="Minor Power Assault v2" />
	</BehaviorTrees> 
	<BehaviorTreeNodes>
		<!-- Settle New Town v2 -->
		<Row TreeName="Settle New Town v2" NodeId="0" NodeType="Sequence" JumpTo="34" />
        <Row TreeName="Settle New Town v2" NodeId="1" NodeType="Concurrent" JumpTo="27" />
        <Row TreeName="Settle New Town v2" NodeId="2" NodeType="Decode Input" />
		<!-- 
		    <Row DataName="SelectedLocation" DefnId="0" DataType="Map Point" NodeType="CheckSettleLocationValid" />
    		<Row DataName="AllowBackup" DefnId="1" DataType="bool" NodeType="CheckSettleLocationValid" Required="False" UserData="True" />
		-->
        <Row TreeName="Settle New Town v2" NodeId="3" NodeType="CheckSettleLocationValid" />
        <Row TreeName="Settle New Town v2" NodeId="4" NodeType="Sequence" JumpTo="27" />
        <Row TreeName="Settle New Town v2" NodeId="5" NodeType="Concurrent" JumpTo="8" />
		<!--
			<Row DataName="Specific Progression Node" DefnId="0" DataType="string" NodeType="Research Progression Node" RequiredGroup="True" UserData="True" />
    		<Row DataName="Unit Class" DefnId="1" DataType="string" NodeType="Research Progression Node" RequiredGroup="True" UserData="True" />
    		<Row DataName="Time Limit" DefnId="2" DataType="int" NodeType="Research Progression Node" UserData="True" />
	    -->
        <Row TreeName="Settle New Town v2" NodeId="6" NodeType="Research Progression Node" />
        <!--
			<Row DataName="Operation In Progress" DefnId="0" DataType="bool" NodeType="Operation Recruit Units" Required="False" UserData="True" />
    		<Row DataName="Range" DefnId="1" DataType="int" NodeType="Operation Recruit Units" Required="False" UserData="True" />
    		<Row DataName="Create Units" DefnId="2" DataType="bool" NodeType="Operation Recruit Units" Required="False" UserData="True" />
    		<Row DataName="Time Limit" DefnId="3" DataType="int" NodeType="Operation Recruit Units" UserData="True" />
    		<Row DataName="Allow Stealing" DefnId="4" DataType="bool" NodeType="Operation Recruit Units" Required="False" UserData="True" />
		-->
		<Row TreeName="Settle New Town v2" NodeId="7" NodeType="Operation Recruit Units" />
        <Row TreeName="Settle New Town v2" NodeId="8" NodeType="Operation Recruit Units" />
		<!-- Build Unit-Linked Constructible -->
		<!-- Special logical And node. Stops on FAILURE, but also stops on RUNNING. Resumes next turn on RUNNING node.-->
        <Row TreeName="Settle New Town v2" NodeId="9" NodeType="Sequence" JumpTo="27" />
		<!-- Logical Or node. Runs all children until it reaches a SUCCESS or RUNNING -->
        <Row TreeName="Settle New Town v2" NodeId="10" NodeType="Priority" JumpTo="16" />
        <!-- Removed nodes 11-15 (naval escort logic) -->
        <Row TreeName="Settle New Town v2" NodeId="16" NodeType="Concurrent" JumpTo="27" />
		<!-- 
		    <Row DataName="SelectedLocation" DefnId="0" DataType="Map Point" NodeType="CheckSettleLocationValid" />
    		<Row DataName="AllowBackup" DefnId="1" DataType="bool" NodeType="CheckSettleLocationValid" Required="False" UserData="True" />
		-->
        <Row TreeName="Settle New Town v2" NodeId="17" NodeType="CheckSettleLocationValid" />
        <!-- Move units towards the commander and form an army -->
		<Row TreeName="Settle New Town v2" NodeId="18" NodeType="Operation Form Army" />
        <Row TreeName="Settle New Town v2" NodeId="19" NodeType="Operation Recruit Units" />
		<!-- Logical Or node. Runs all children until it reaches a SUCCESS or RUNNING -->
        <Row TreeName="Settle New Town v2" NodeId="20" NodeType="Priority" JumpTo="23" />
		<!-- Success or running becomes failure. Failure goes to success -->
        <Row TreeName="Settle New Town v2" NodeId="21" NodeType="Not" JumpTo="24" />
		<!-- Army must unpack based on an enemy army or sufficient enemy units -->
        <Row TreeName="Settle New Town v2" NodeId="22" NodeType="Army Must Unpack" />
        <Row TreeName="Settle New Town v2" NodeId="23" NodeType="Operation Unpack Army" />
        <Row TreeName="Settle New Town v2" NodeId="24" NodeType="Operation Defend Units" />
        <Row TreeName="Settle New Town v2" NodeId="25" NodeType="Operation Attack Units" />
        <Row TreeName="Settle New Town v2" NodeId="26" NodeType="Operation Move Army" />
        <Row TreeName="Settle New Town v2" NodeId="27" NodeType="Concurrent" JumpTo="34" />
		<!-- 
		    <Row DataName="SelectedLocation" DefnId="0" DataType="Map Point" NodeType="CheckSettleLocationValid" />
    		<Row DataName="AllowBackup" DefnId="1" DataType="bool" NodeType="CheckSettleLocationValid" Required="False" UserData="True" />
		-->
        <Row TreeName="Settle New Town v2" NodeId="28" NodeType="CheckSettleLocationValid" />
        <Row TreeName="Settle New Town v2" NodeId="29" NodeType="Operation Unpack Army" />
        <Row TreeName="Settle New Town v2" NodeId="30" NodeType="Operation Defend Units" />
        <Row TreeName="Settle New Town v2" NodeId="31" NodeType="Operation Attack Units" />
        <Row TreeName="Settle New Town v2" NodeId="32" NodeType="Operation Move Army" />
		<!-- Settle a Town -->
        <Row TreeName="Settle New Town v2" NodeId="33" NodeType="DiplomaticActionLandClaim" />

		<!-- Simple City Assault v2 -->
		<Row NodeType="Sequence" NodeId="0" TreeName="Simple City Assault v2" JumpTo="48" />
		<Row NodeType="Reserve Diplomatic Token" NodeId="1" TreeName="Simple City Assault v2" JumpTo="29" />
		<Row NodeType="Sequence" NodeId="2" TreeName="Simple City Assault v2" JumpTo="29" />
		<Row NodeType="Concurrent" NodeId="3" TreeName="Simple City Assault v2" JumpTo="13" />
		<Row NodeType="Operation Recruit Units" NodeId="4" TreeName="Simple City Assault v2" />
		<Row NodeType="Concurrent" NodeId="5" TreeName="Simple City Assault v2" JumpTo="11" />
		<Row NodeType="Priority" NodeId="6" TreeName="Simple City Assault v2" JumpTo="10" />
		<Row NodeType="Not" NodeId="7" TreeName="Simple City Assault v2" JumpTo="9" />
		<Row NodeType="Army Must Unpack" NodeId="8" TreeName="Simple City Assault v2" />
		<Row NodeType="Operation Unpack Army" NodeId="9" TreeName="Simple City Assault v2" />
		<Row NodeType="Operation Attack Units" NodeId="10" TreeName="Simple City Assault v2" />
		<Row NodeType="Operation Defend Units" NodeId="11" TreeName="Simple City Assault v2" />
		<Row NodeType="Operation Move Army" NodeId="12" TreeName="Simple City Assault v2" />
		<Row NodeType="Use Diplomatic Token" NodeId="13" TreeName="Simple City Assault v2" />
		<Row NodeType="Operation Form Army" NodeId="14" TreeName="Simple City Assault v2" />
		<Row NodeType="Concurrent" NodeId="15" TreeName="Simple City Assault v2" JumpTo="29" />
		<Row NodeType="Operation Recruit Units" NodeId="16" TreeName="Simple City Assault v2" />
		<Row NodeType="Check Backup Target" NodeId="17" TreeName="Simple City Assault v2" />
		<Row NodeType="Priority" NodeId="18" TreeName="Simple City Assault v2" JumpTo="26" />
		<Row NodeType="Concurrent" NodeId="19" TreeName="Simple City Assault v2" JumpTo="24" />
		<Row NodeType="Not" NodeId="20" TreeName="Simple City Assault v2" JumpTo="22" />
		<Row NodeType="Army Must Unpack" NodeId="21" TreeName="Simple City Assault v2" />
		<Row NodeType="Operation Unpack Army" NodeId="22" TreeName="Simple City Assault v2" />
		<Row NodeType="Operation Attack Units" NodeId="23" TreeName="Simple City Assault v2" />
		<Row NodeType="Army Overrun" NodeId="24" TreeName="Simple City Assault v2" />
		<Row NodeType="Operation Form Army" NodeId="25" TreeName="Simple City Assault v2" />
		<Row NodeType="Operation Defend Units" NodeId="26" TreeName="Simple City Assault v2" />
		<Row NodeType="Operation Move Army" NodeId="27" TreeName="Simple City Assault v2" />
		<Row NodeType="Rebase Air Support" NodeId="28" TreeName="Simple City Assault v2" />
		<Row NodeType="Operation Unpack Army" NodeId="29" TreeName="Simple City Assault v2" />
		<Row NodeType="Concurrent" NodeId="30" TreeName="Simple City Assault v2" JumpTo="37" />
		<Row NodeType="Wait Turns" NodeId="31" TreeName="Simple City Assault v2" JumpTo="33" />
		<Row NodeType="Operation Declare War" NodeId="32" TreeName="Simple City Assault v2" />
		<Row NodeType="Operation Defend Units" NodeId="33" TreeName="Simple City Assault v2" />
		<Row NodeType="Army Issue Commands" NodeId="34" TreeName="Simple City Assault v2" />
		<Row NodeType="Operation Attack Units" NodeId="35" TreeName="Simple City Assault v2" />
		<Row NodeType="Operation Defend Units" NodeId="36" TreeName="Simple City Assault v2" />
		<Row NodeType="Concurrent" NodeId="37" TreeName="Simple City Assault v2" JumpTo="48" />
		<Row NodeType="Operation Defend Units" NodeId="38" TreeName="Simple City Assault v2" />
		<Row NodeType="Operation Unpack Army" NodeId="39" TreeName="Simple City Assault v2" />
		<Row NodeType="Army Issue Commands" NodeId="40" TreeName="Simple City Assault v2" />
		<Row NodeType="Air Assault" NodeId="41" TreeName="Simple City Assault v2" />
		<Row NodeType="Rebase Air Support" NodeId="42" TreeName="Simple City Assault v2" />
		<Row NodeType="Operation Attack Units" NodeId="43" TreeName="Simple City Assault v2" />
		<Row NodeType="Operation Attack City" NodeId="44" TreeName="Simple City Assault v2" />
		<Row NodeType="Operation Defend Units" NodeId="45" TreeName="Simple City Assault v2" />
		<Row NodeType="Operation Pillage City" NodeId="46" TreeName="Simple City Assault v2" />
		<Row NodeType="Operation Move Army" NodeId="47" TreeName="Simple City Assault v2" />

		<!-- Simple City Assault No Diplo -->
		<Row NodeType="Sequence" NodeId="0" TreeName="Simple City Assault No Diplo" JumpTo="46" />
		<Row NodeType="Sequence" NodeId="1" TreeName="Simple City Assault No Diplo" JumpTo="27" />
		<Row NodeType="Concurrent" NodeId="2" TreeName="Simple City Assault No Diplo" JumpTo="12" />
		<Row NodeType="Operation Recruit Units" NodeId="3" TreeName="Simple City Assault No Diplo" />
		<Row NodeType="Concurrent" NodeId="4" TreeName="Simple City Assault No Diplo" JumpTo="10" />
		<Row NodeType="Priority" NodeId="5" TreeName="Simple City Assault No Diplo" JumpTo="9" />
		<Row NodeType="Not" NodeId="6" TreeName="Simple City Assault No Diplo" JumpTo="8" />
		<Row NodeType="Army Must Unpack" NodeId="7" TreeName="Simple City Assault No Diplo" />
		<Row NodeType="Operation Unpack Army" NodeId="8" TreeName="Simple City Assault No Diplo" />
		<Row NodeType="Operation Attack Units" NodeId="9" TreeName="Simple City Assault No Diplo" />
		<Row NodeType="Operation Defend Units" NodeId="10" TreeName="Simple City Assault No Diplo" />
		<Row NodeType="Operation Move Army" NodeId="11" TreeName="Simple City Assault No Diplo" />
		<Row NodeType="Operation Form Army" NodeId="12" TreeName="Simple City Assault No Diplo" />
        <Row NodeType="Concurrent" NodeId="13" TreeName="Simple City Assault No Diplo" JumpTo="27" />
        <Row NodeType="Operation Recruit Units" NodeId="14" TreeName="Simple City Assault No Diplo" />
        <Row NodeType="Check Backup Target" NodeId="15" TreeName="Simple City Assault No Diplo" />
        <Row NodeType="Priority" NodeId="16" TreeName="Simple City Assault No Diplo" JumpTo="24" />
        <Row NodeType="Concurrent" NodeId="17" TreeName="Simple City Assault No Diplo" JumpTo="22" />
        <Row NodeType="Not" NodeId="18" TreeName="Simple City Assault No Diplo" JumpTo="20" />
        <Row NodeType="Army Must Unpack" NodeId="19" TreeName="Simple City Assault No Diplo" />
        <Row NodeType="Operation Unpack Army" NodeId="20" TreeName="Simple City Assault No Diplo" />
        <Row NodeType="Operation Attack Units" NodeId="21" TreeName="Simple City Assault No Diplo" />
        <Row NodeType="Army Overrun" NodeId="22" TreeName="Simple City Assault No Diplo" />
        <Row NodeType="Operation Form Army" NodeId="23" TreeName="Simple City Assault No Diplo" />
        <Row NodeType="Operation Defend Units" NodeId="24" TreeName="Simple City Assault No Diplo" />
        <Row NodeType="Operation Move Army" NodeId="25" TreeName="Simple City Assault No Diplo" />
        <Row NodeType="Rebase Air Support" NodeId="26" TreeName="Simple City Assault No Diplo" />
        <Row NodeType="Operation Unpack Army" NodeId="27" TreeName="Simple City Assault No Diplo" />
        <Row NodeType="Concurrent" NodeId="28" TreeName="Simple City Assault No Diplo" JumpTo="35" />
        <Row NodeType="Wait Turns" NodeId="29" TreeName="Simple City Assault No Diplo" JumpTo="31" />
        <Row NodeType="Operation Declare War" NodeId="30" TreeName="Simple City Assault No Diplo" />
        <Row NodeType="Operation Defend Units" NodeId="31" TreeName="Simple City Assault No Diplo" />
        <Row NodeType="Army Issue Commands" NodeId="32" TreeName="Simple City Assault No Diplo" />
        <Row NodeType="Operation Attack Units" NodeId="33" TreeName="Simple City Assault No Diplo" />
        <Row NodeType="Operation Defend Units" NodeId="34" TreeName="Simple City Assault No Diplo" />
        <Row NodeType="Concurrent" NodeId="35" TreeName="Simple City Assault No Diplo" JumpTo="46" />
        <Row NodeType="Operation Defend Units" NodeId="36" TreeName="Simple City Assault No Diplo" />
        <Row NodeType="Operation Unpack Army" NodeId="37" TreeName="Simple City Assault No Diplo" />
        <Row NodeType="Army Issue Commands" NodeId="38" TreeName="Simple City Assault No Diplo" />
        <Row NodeType="Air Assault" NodeId="39" TreeName="Simple City Assault No Diplo" />
        <Row NodeType="Rebase Air Support" NodeId="40" TreeName="Simple City Assault No Diplo" />
        <Row NodeType="Operation Attack Units" NodeId="41" TreeName="Simple City Assault No Diplo" />
        <Row NodeType="Operation Attack City" NodeId="42" TreeName="Simple City Assault No Diplo" />
        <Row NodeType="Operation Defend Units" NodeId="43" TreeName="Simple City Assault No Diplo" />
        <Row NodeType="Operation Pillage City" NodeId="44" TreeName="Simple City Assault No Diplo" />
        <Row NodeType="Operation Move Army" NodeId="45" TreeName="Simple City Assault No Diplo" />
	</BehaviorTreeNodes>

	<TreeData>
		<Row DefnId="0" NodeId="2" TreeName="Settle New Town v2" />
        <Row DefnId="1" NodeId="2" TreeName="Settle New Town v2" />
        <Row DefnId="2" NodeId="2" TreeName="Settle New Town v2" />
        <Row DefnId="3" NodeId="2" TreeName="Settle New Town v2" Tag="SettleLocation" />
        <Row DefnId="4" NodeId="2" TreeName="Settle New Town v2" />
        <Row DefnId="5" NodeId="2" TreeName="Settle New Town v2" />
		<!-- 
		    <Row DataName="SelectedLocation" DefnId="0" DataType="Map Point" NodeType="CheckSettleLocationValid" />
    		<Row DataName="AllowBackup" DefnId="1" DataType="bool" NodeType="CheckSettleLocationValid" Required="False" UserData="True" />
		-->
        <Row DefnId="0" NodeId="3" TreeName="Settle New Town v2" Tag="SettleLocation" />
		<Row DefnId="1" NodeId="3" TreeName="Settle New Town v2" DefaultData="false" />
        <Row DefnId="1" NodeId="5" TreeName="Settle New Town v2" DefaultData="true" />
		<!-- Research Tech for Unit. There is no Tech needed though! -->
        <Row DefnId="0" NodeId="6" TreeName="Settle New Town v2" />
        <Row DefnId="1" NodeId="6" TreeName="Settle New Town v2" DefaultData="UNIT_CLASS_CREATE_TOWN" />
        <!-- Time Limit Default is 10.-->
		<Row DefnId="2" NodeId="6" TreeName="Settle New Town v2" DefaultData="10" />
		<!-- Recruit Units -->
        <Row DefnId="0" NodeId="7" TreeName="Settle New Town v2" DefaultData="false" />
        <Row DefnId="2" NodeId="7" TreeName="Settle New Town v2" DefaultData="true" />
        <Row DefnId="3" NodeId="7" TreeName="Settle New Town v2" DefaultData="10" />
        <Row DefnId="4" NodeId="7" TreeName="Settle New Town v2" DefaultData="false" />
		<!-- Recruit Units -->
		<!--
			<Row DataName="Operation In Progress" DefnId="0" DataType="bool" NodeType="Operation Recruit Units" Required="False" UserData="True" />
    		<Row DataName="Range" DefnId="1" DataType="int" NodeType="Operation Recruit Units" Required="False" UserData="True" />
    		<Row DataName="Create Units" DefnId="2" DataType="bool" NodeType="Operation Recruit Units" Required="False" UserData="True" />
    		<Row DataName="Time Limit" DefnId="3" DataType="int" NodeType="Operation Recruit Units" UserData="True" />
    		<Row DataName="Allow Stealing" DefnId="4" DataType="bool" NodeType="Operation Recruit Units" Required="False" UserData="True" />
		-->
        <Row DefnId="0" NodeId="8" TreeName="Settle New Town v2" DefaultData="false" />
        <Row DefnId="2" NodeId="8" TreeName="Settle New Town v2" DefaultData="true" />
        <Row DefnId="3" NodeId="8" TreeName="Settle New Town v2" DefaultData="10" />
        <Row DefnId="4" NodeId="8" TreeName="Settle New Town v2" DefaultData="false" />
        <!-- Removed TreeData for nodes 11-15 -->
		<!-- 
		    <Row DataName="SelectedLocation" DefnId="0" DataType="Map Point" NodeType="CheckSettleLocationValid" />
    		<Row DataName="AllowBackup" DefnId="1" DataType="bool" NodeType="CheckSettleLocationValid" Required="False" UserData="True" />
		-->
        <Row DefnId="0" NodeId="17" TreeName="Settle New Town v2" Tag="SettleLocation" />
		<Row DefnId="1" NodeId="17" TreeName="Settle New Town v2" DefaultData="false" />
		<!-- Operation Form Army
		<Row DataName="No Commander" DefnId="0" DataType="bool" NodeType="Operation Form Army" Required="False" UserData="True" />
    	<Row DataName="Commander Class" DefnId="1" DataType="string" NodeType="Operation Form Army" Required="False" UserData="True" />
    	<Row DataName="Unit Class" DefnId="2" DataType="string" NodeType="Operation Form Army" Required="False" UserData="True" />
	    -->
        <Row DefnId="0" NodeId="18" TreeName="Settle New Town v2" DefaultData="true" />
		<!-- Recruit Units -->
		<!--
			<Row DataName="Operation In Progress" DefnId="0" DataType="bool" NodeType="Operation Recruit Units" Required="False" UserData="True" />
    		<Row DataName="Range" DefnId="1" DataType="int" NodeType="Operation Recruit Units" Required="False" UserData="True" />
    		<Row DataName="Create Units" DefnId="2" DataType="bool" NodeType="Operation Recruit Units" Required="False" UserData="True" />
    		<Row DataName="Time Limit" DefnId="3" DataType="int" NodeType="Operation Recruit Units" UserData="True" />
    		<Row DataName="Allow Stealing" DefnId="4" DataType="bool" NodeType="Operation Recruit Units" Required="False" UserData="True" />
		-->
        <Row DefnId="0" NodeId="19" TreeName="Settle New Town v2" DefaultData="true" />
        <Row DefnId="1" NodeId="19" TreeName="Settle New Town v2" DefaultData="-1" />
		<!-- Time Limit was infinite, Is this for the settler? -->
        <Row DefnId="3" NodeId="19" TreeName="Settle New Town v2" DefaultData="-1" />
        <Row DefnId="4" NodeId="19" TreeName="Settle New Town v2" DefaultData="false" />
        <Row DefnId="0" NodeId="25" TreeName="Settle New Town v2" DefaultData="false" />
        <Row DefnId="0" NodeId="26" TreeName="Settle New Town v2" DefaultData="0" />
        <Row DefnId="1" NodeId="26" TreeName="Settle New Town v2" DefaultData="false" />
        <Row DefnId="3" NodeId="26" TreeName="Settle New Town v2" DefaultData="UNIT_CLASS_CREATE_TOWN" />
        <!-- Non-Moving Turn Limit
		Default 5, Changing to 1 -->
		<Row DefnId="4" NodeId="26" TreeName="Settle New Town v2" DefaultData="1" />
        <Row DefnId="0" NodeId="28" TreeName="Settle New Town v2" DefaultData="false" />
        <Row DefnId="0" NodeId="32" TreeName="Settle New Town v2" DefaultData="0" />
        <Row DefnId="1" NodeId="32" TreeName="Settle New Town v2" DefaultData="false" />
        <Row DefnId="3" NodeId="32" TreeName="Settle New Town v2" DefaultData="UNIT_CLASS_CREATE_TOWN" />
        <!-- Non-Moving Turn Limit 
		Default 5, Changing to 1 -->
		<Row DefnId="4" NodeId="32" TreeName="Settle New Town v2" DefaultData="1" />
        <Row DefnId="0" NodeId="33" TreeName="Settle New Town v2" Tag="SettleUnit" />
        <Row DefnId="1" NodeId="33" TreeName="Settle New Town v2" Tag="SettleLocation" />


		<!-- Simple City Assault v2 -->
		<Row DefnId="0" NodeId="1" TreeName="Simple City Assault v2" DefaultData="DIPLOMACY_ACTION_DECLARE_WAR" />
		<Row DefnId="0" NodeId="4" TreeName="Simple City Assault v2" DefaultData="false" />
		<Row DefnId="2" NodeId="4" TreeName="Simple City Assault v2" DefaultData="true" />
		<Row DefnId="3" NodeId="4" TreeName="Simple City Assault v2" DefaultData="10" />
		<Row DefnId="4" NodeId="4" TreeName="Simple City Assault v2" DefaultData="false" />
		<Row DefnId="1" NodeId="10" TreeName="Simple City Assault v2" DefaultData="false" />
		<Row DefnId="0" NodeId="11" TreeName="Simple City Assault v2" DefaultData="true" />
		<Row DefnId="0" NodeId="12" TreeName="Simple City Assault v2" DefaultData="2" />
		<Row DefnId="1" NodeId="12" TreeName="Simple City Assault v2" DefaultData="false" />
		<Row DefnId="2" NodeId="12" TreeName="Simple City Assault v2" DefaultData="true" />
		<Row DefnId="0" NodeId="13" TreeName="Simple City Assault v2" DefaultData="COOPERATIVE_YIELDS_DIPLOMATIC_ACTION" />
		<Row DefnId="1" NodeId="13" TreeName="Simple City Assault v2" Tag="Unused" />
		<Row DefnId="2" NodeId="13" TreeName="Simple City Assault v2" DefaultData="DIPLOMACY_ACTION_DENOUNCE" />
		<Row DefnId="0" NodeId="16" TreeName="Simple City Assault v2" DefaultData="true" />
		<Row DefnId="1" NodeId="16" TreeName="Simple City Assault v2" DefaultData="10" />
		<Row DefnId="2" NodeId="16" TreeName="Simple City Assault v2" DefaultData="false" />
		<Row DefnId="3" NodeId="16" TreeName="Simple City Assault v2" DefaultData="-1" />
		<Row DefnId="0" NodeId="17" TreeName="Simple City Assault v2" DefaultData="1" />
		<Row DefnId="1" NodeId="17" TreeName="Simple City Assault v2" DefaultData="0" />
		<Row DefnId="0" NodeId="23" TreeName="Simple City Assault v2" DefaultData="false" />
		<Row DefnId="1" NodeId="23" TreeName="Simple City Assault v2" DefaultData="false" />
		<Row DefnId="0" NodeId="25" TreeName="Simple City Assault v2" DefaultData="true" />
		<Row DefnId="0" NodeId="26" TreeName="Simple City Assault v2" DefaultData="true" />
		<Row DefnId="0" NodeId="27" TreeName="Simple City Assault v2" DefaultData="3" />
		<Row DefnId="1" NodeId="28" TreeName="Simple City Assault v2" Tag="AIR_SUPPORT_LOC" />
		<Row DefnId="0" NodeId="31" TreeName="Simple City Assault v2" DefaultData="1" />
		<Row DefnId="0" NodeId="32" TreeName="Simple City Assault v2" DefaultData="50" />
		<Row DefnId="0" NodeId="35" TreeName="Simple City Assault v2" DefaultData="true" />
		<Row DefnId="1" NodeId="35" TreeName="Simple City Assault v2" DefaultData="false" />
		<Row DefnId="0" NodeId="36" TreeName="Simple City Assault v2" DefaultData="true" />
		<Row DefnId="0" NodeId="41" TreeName="Simple City Assault v2" DefaultData="true" />
		<Row DefnId="1" NodeId="41" TreeName="Simple City Assault v2" Tag="AIR_SUPPORT_LOC" />
		<Row DefnId="1" NodeId="42" TreeName="Simple City Assault v2" Tag="AIR_SUPPORT_LOC" />
		<Row DefnId="0" NodeId="43" TreeName="Simple City Assault v2" DefaultData="true" />
		<Row DefnId="1" NodeId="43" TreeName="Simple City Assault v2" DefaultData="true" />
		<Row DefnId="0" NodeId="45" TreeName="Simple City Assault v2" DefaultData="true" />
		<Row DefnId="0" NodeId="47" TreeName="Simple City Assault v2" DefaultData="1" />

		<!-- Simple City Assault No Diplo -->
		<Row DefnId="0" NodeId="14" TreeName="Simple City Assault No Diplo" DefaultData="true" />
		<Row DefnId="1" NodeId="14" TreeName="Simple City Assault No Diplo" DefaultData="10" />
		<Row DefnId="2" NodeId="14" TreeName="Simple City Assault No Diplo" DefaultData="false" />
		<Row DefnId="3" NodeId="14" TreeName="Simple City Assault No Diplo" DefaultData="-1" />
		<Row DefnId="0" NodeId="15" TreeName="Simple City Assault No Diplo" DefaultData="1" />
		<Row DefnId="1" NodeId="15" TreeName="Simple City Assault No Diplo" DefaultData="0" />
		<Row DefnId="0" NodeId="21" TreeName="Simple City Assault No Diplo" DefaultData="false" />
		<Row DefnId="1" NodeId="21" TreeName="Simple City Assault No Diplo" DefaultData="false" />
		<Row DefnId="0" NodeId="23" TreeName="Simple City Assault No Diplo" DefaultData="true" />
		<Row DefnId="0" NodeId="24" TreeName="Simple City Assault No Diplo" DefaultData="true" />
		<Row DefnId="0" NodeId="25" TreeName="Simple City Assault No Diplo" DefaultData="3" />
		<Row DefnId="1" NodeId="26" TreeName="Simple City Assault No Diplo" Tag="AIR_SUPPORT_LOC" />
		<Row DefnId="0" NodeId="29" TreeName="Simple City Assault No Diplo" DefaultData="1" />
		<Row DefnId="0" NodeId="30" TreeName="Simple City Assault No Diplo" DefaultData="50" />
		<Row DefnId="0" NodeId="33" TreeName="Simple City Assault No Diplo" DefaultData="true" />
		<Row DefnId="1" NodeId="33" TreeName="Simple City Assault No Diplo" DefaultData="false" />
		<Row DefnId="0" NodeId="34" TreeName="Simple City Assault No Diplo" DefaultData="true" />
		<Row DefnId="0" NodeId="39" TreeName="Simple City Assault No Diplo" DefaultData="true" />
		<Row DefnId="1" NodeId="39" TreeName="Simple City Assault No Diplo" Tag="AIR_SUPPORT_LOC" />
		<Row DefnId="1" NodeId="40" TreeName="Simple City Assault No Diplo" Tag="AIR_SUPPORT_LOC" />
		<Row DefnId="0" NodeId="41" TreeName="Simple City Assault No Diplo" DefaultData="true" />
		<Row DefnId="1" NodeId="41" TreeName="Simple City Assault No Diplo" DefaultData="true" />
		<Row DefnId="0" NodeId="43" TreeName="Simple City Assault No Diplo" DefaultData="true" />
		<Row DefnId="0" NodeId="45" TreeName="Simple City Assault No Diplo" DefaultData="1" />
	</TreeData>
</Database>
