<?xml version="1.0" encoding="utf-8"?>

<Database>
	<TargetTypes>
    <Row TargetType="TARGET_NAVAL_SUPERIORITY"/>
    <!-- Blank target type intended for use by naval superiority op only -->
  </TargetTypes>
  <AiOperationTypes>
    <Row OperationType="NAVAL_SUPERIORITY"/>
    <!--
    <Row OperationType="NAVAL_CITY_ATTACK"/>
    -->
  </AiOperationTypes>
  <AiFavoredItems>
    <Row ListType="BaseOperationsLimits" Item="NAVAL_SUPERIORITY" Value="1" />
    <!--
    <Row ListType="BaseOperationsLimits" Item="NAVAL_CITY_ATTACK" Value="1" />
    -->
  </AiFavoredItems>
  <AllowedOperations>
    <Row ListType="Major Civ Operations" OperationDef="Naval Superiority"/>
    <!-- 
    <Row ListType="Major Civ Operations" OperationDef="Naval City Attack"/>
    -->
  </AllowedOperations>
  <AiOperationDefs>
	<!-- changing World target to 0 to try to stop crash... - Q -->
    <Row OperationName="Naval Superiority" TargetType="TARGET_NAVAL_SUPERIORITY" EnemyType="NONE" OperationType="NAVAL_SUPERIORITY" BehaviorTree="Naval Superiority Tree" SelfStart="True" Priority="2" MaxTargetDistInRegion="-1" MaxTargetDistInArea="-1" MaxTargetDistInWorld="0"/>
    <!--
    I think this isn't required, and we just use the teams on the operation 
    <Row OperationName="Naval City Attack" TargetType="TARGET_ENEMY_CITY" EnemyType="WAR" OperationType="NAVAL_CITY_ATTACK" BehaviorTree="Independent Power Raid" SelfStart="True" Priority="2" MaxTargetDistInRegion="-1" MaxTargetDistInArea="-1" MaxTargetDistInWorld="-1" MustBeCoastal="true" />
    -->
  </AiOperationDefs>
  <AiTeams>
    <Row TeamName="Naval Superiority Force"/>
    <!--  Additional naval team for city attacks -->
    <Row TeamName="Enemy City Naval Attack"/>
  </AiTeams>
  <AiOperationTeams>
    <Row TeamName="Naval Superiority Force" OperationName="Naval Superiority" InitialStrengthAdvantage="-1" OngoingStrengthAdvantage="-1" />
    <Row TeamName="Enemy City Naval Attack" OperationName="Attack Enemy City" InitialStrengthAdvantage="-1" OngoingStrengthAdvantage="1"/>
  </AiOperationTeams>
  <OpTeamRequirements>
    <Row TeamName="Naval Superiority Force" ClassTag="UNIT_CLASS_NAVAL" MinPercentage="1" />
    <Row TeamName="Naval Superiority Force" ClassTag="UNIT_CLASS_COMBAT" MinNumber="1" MaxNumber="6" />
    <!--Row TeamName="Naval Superiority Force" ClassTag="UNIT_CLASS_FLEET_COMMANDER" MaxNumber="2" /--> <!-- Don't Exist Until Exploration -->
    <Row TeamName="Enemy City Naval Attack" ClassTag="UNIT_CLASS_NAVAL" MinPercentage="1" MaxNumber="5" />
    <!--Row TeamName="Enemy City Naval Attack" ClassTag="UNIT_CLASS_FLEET_COMMANDER" MaxNumber="1" /-->
  </OpTeamRequirements>
</Database>
