<?xml version="1.0" encoding="utf-8"?>
<Database>
	<LocalizedText>
		<Row Tag="LOC_PLOT_MOD_TCS_AGELESS" Language="ru_RU">
			<Text>Не устаревает</Text>
		</Row>
		<Row Tag="LOC_PLOT_MOD_TCS_OBSOLETE" Language="ru_RU">
			<Text>Устарело</Text>
		</Row>
		<Row Tag="LOC_PLOT_MOD_TCS_UNIQUE" Language="ru_RU">
			<Text>Уникальное</Text>
		</Row>
		<Row Tag="LOC_PLOT_MOD_TCS_FULL_TILE" Language="ru_RU">
			<Text>Занимает всю клетку</Text>
		</Row>
		<Row Tag="LOC_PLOT_MOD_TCS_CONNECTED" Language="ru_RU">
			<Text>Соединения ⇄</Text>
		</Row>
		
		<Row Tag="LOC_PLOT_MOD_TCS_TERRAIN_BIOME" Language="ru_RU">
			<Text>{1_Terrain} {2_Biome}</Text>
		</Row>	
		<Row Tag="LOC_PLOT_MOD_TCS_FEATURE_RIVER" Language="ru_RU">
			<Text>{1_Feature} • {2_River}</Text>
		</Row>
		<Row Tag="LOC_PLOT_MOD_TCS_VOLCANO" Language="ru_RU">
			<Text>{1_Name} ({2_Status} вулкан)</Text>
		</Row>
		<Row Tag="LOC_PLOT_MOD_TCS_UNNAMED_VOLCANO" Language="ru_RU">
			<Text>{1_Status} вулкан</Text>
		</Row>
		<Row Tag="LOC_PLOT_MOD_TCS_DORMANT" Language="ru_RU">
			<Text>Спящий</Text>
		</Row>
		<Row Tag="LOC_PLOT_MOD_TCS_ROUTE_FERRY" Language="ru_RU">
			<Text>{1_Route} • Паром</Text>
		</Row>
		<Row Tag="LOC_PLOT_MOD_TCS_COORDINATES" Language="ru_RU">
			<Text>Plot({1_X},{2_Y})</Text>
		</Row>
		<Row Tag="LOC_PLOT_MOD_TCS_CONSTRUCTIBLE_NAME" Language="ru_RU">
			<Text>{1_Name} {2_Tag}</Text>
		</Row>
		<Row Tag="LOC_PLOT_MOD_TCS_WILDERNESS" Language="ru_RU">
			<Text>Природа</Text>
		</Row>
		<Row Tag="LOC_PLOT_MOD_TCS_RURAL" Language="ru_RU">
			<Text>Деревенский район</Text>
		</Row>
		<Row Tag="LOC_PLOT_MOD_TCS_URBAN" Language="ru_RU">
			<Text>Городской район</Text>
		</Row>
		<Row Tag="LOC_PLOT_MOD_TCS_QUARTER" Language="ru_RU">
			<Text>Квартал</Text>
		</Row>
		<Row Tag="LOC_PLOT_MOD_TCS_UNIQUE_QUARTER" Language="ru_RU">
			<Text>{1_Adjective} Уникальный квартал.</Text>
		</Row>
		<Row Tag="LOC_PLOT_MOD_TCS_CITY_CENTER" Language="ru_RU">
			<Text>Центр Города</Text>
		</Row>
		<Row Tag="LOC_PLOT_MOD_TCS_WONDER" Language="ru_RU">
			<Text>Чудо</Text>
		</Row>
		<Row Tag="LOC_PLOT_MOD_TCS_SPECIALIST_COUNT" Language="ru_RU">
			<Text>{1_Count} из {2_Max} возможных специалистов</Text>
		</Row>
		<Row Tag="LOC_PLOT_MOD_TCS_FORTIFIED_WALL" Language="ru_RU">
			<Text>[b]Защита:[/b] ({1_CurrentHealth}/{2_MaxHealth} здоровья) • {3_Wall}</Text>
		</Row>
		<Row Tag="LOC_PLOT_MOD_TCS_FORTIFIED" Language="ru_RU">
			<Text>[b]Защита:[/b] ({1_CurrentHealth}/{2_MaxHealth} здоровья)</Text>
		</Row>
		<Row Tag="LOC_PLOT_MOD_TCS_DISTRICT_HEALTH" Language="ru_RU">
			<Text>{1_CurrentHealth}/{2_MaxHealth} здоровья</Text>
		</Row>
		<Row Tag="LOC_PLOT_MOD_TCS_UNITS" Language="ru_RU">
			<Text>Юниты</Text>
		</Row>
		<Row Tag="LOC_PLOT_MOD_TCS_CONSTRUCTIBLE_STATUS" Language="ru_RU">
			<Text>{1_Constructible} {2_Status}</Text>
		</Row>
		<Row Tag="LOC_PLOT_MOD_TCS_POTENTIAL_IMPROVEMENT" Language="ru_RU">
			<Text>[STYLE:text-2xs]Улучшает:[/STYLE][N]{1_Name}</Text>
		</Row>		
		<Row Tag="LOC_PLOT_MOD_TCS_VILLAGE" Language="ru_RU">
			<Text>Независимая деревня</Text>
		</Row>
		<Row Tag="LOC_PLOT_MOD_TCS_TOWN_GROWING" Language="ru_RU">
			<Text>Растущий городок</Text>
		</Row>
		<Row Tag="LOC_PLOT_MOD_TCS_TOWN_SPECIALIZED" Language="ru_RU">
			<Text>Специализированный городок</Text>
		</Row>
		<Row Tag="LOC_PLOT_MOD_TCS_TOWN_FEEDING_PLURAL" Language="ru_RU">
			<Text>Отправляет пищу в {1_Num} других города</Text>
		</Row>
		<Row Tag="LOC_PLOT_MOD_TCS_TOWN_FEEDING_SINGULAR" Language="ru_RU">
			<Text>Отправляет пищу в 1 другой город</Text>
		</Row>
		<Row Tag="LOC_PLOT_MOD_TCS_NOT_IN_TRADE_NETWORK" Language="ru_RU">
			<Text>Не соединен с другими городами!</Text>
		</Row>
		<Row Tag="LOC_PLOT_MOD_TCS_HAPPY" Language="ru_RU">
			<Text>Счастливое население</Text>
		</Row>
		<Row Tag="LOC_PLOT_MOD_TCS_UNHAPPY" Language="ru_RU">
			<Text>Несчастное население</Text>
		</Row>
		<Row Tag="LOC_PLOT_MOD_TCS_ANGRY" Language="ru_RU">
			<Text>Раздраженное население</Text>
		</Row>
		<Row Tag="LOC_PLOT_MOD_TCS_PLAGUE" Language="ru_RU">
			<Text>Чума</Text>
		</Row>
		<Row Tag="LOC_PLOT_MOD_TCS_TRADE_ROUTES" Language="ru_RU">
			<Text>{1_Current}/{2_Capacity} торговых путей активно</Text>
		</Row>
		<Row Tag="LOC_PLOT_MOD_TCS_CITY" Language="ru_RU">
			<Text>[icon:YIELD_CITIES] {1_Name}</Text>
		</Row>
		<Row Tag="LOC_PLOT_MOD_TCS_TOWN" Language="ru_RU">
			<Text>[icon:YIELD_TOWNS] {1_Name}</Text>
		</Row>
		<Row Tag="LOC_PLOT_MOD_TCS_FOOD_ICON_SENDING" Language="ru_RU">
			<Text> [icon:YIELD_FOOD]</Text>
		</Row>
		<Row Tag="LOC_PLOT_MOD_TCS_FOOD_ICON_RECEIVING" Language="ru_RU">
			<Text> [icon:YIELD_FOOD]</Text>
		</Row>
		<Row Tag="LOC_PLOT_MOD_TCS_RELATIONSHIP_ALLIANCE" Language="ru_RU">
			<Text>({1_Status} союзник)</Text>
		</Row>
		<Row Tag="LOC_PLOT_MOD_TCS_RELATIONSHIP_WAR" Language="ru_RU">
			<Text>(Враждебность)</Text>
		</Row>
		<Row Tag="LOC_PLOT_MOD_TCS_RELATIONSHIP_OPEN_BORDERS" Language="ru_RU">
			<Text>({1_Name})</Text>
		</Row>
		<Row Tag="LOC_PLOT_MOD_TCS_RELATIONSHIP_OTHER" Language="ru_RU">
			<Text>({1_Status})</Text>
		</Row>
		<Row Tag="LOC_PLOT_MOD_TCS_RELATIONSHIP_VASSAL" Language="ru_RU">
			<Text>(Вассал)</Text>
		</Row>
		<Row Tag="LOC_PLOT_MOD_TCS_TOP_UNIT" Language="ru_RU">
			<Text>{1_Unit} • {2_Leader}</Text>
		</Row>
		<Row Tag="LOC_PLOT_MOD_TCS_ADDITIONAL_UNITS" Language="ru_RU">
			<Text>+{1_Count} еще</Text>
		</Row>
		<Row Tag="LOC_PLOT_MOD_TCS_YOURS" Language="ru_RU">
			<Text>ваше</Text>
		</Row>
		<Row Tag="LOC_PLOT_MOD_TCS_MORE_INFO" Language="ru_RU">
			<Text>+ + +</Text>
		</Row>
		<Row Tag="LOC_PLOT_MOD_TCS_DISTANT_LANDS" Language="ru_RU">
			<Text>(дальние земли)</Text>
		</Row>
		<Row Tag="LOC_PLOT_MOD_TCS_FRESH_WATER" Language="ru_RU">
			<Text>Доступ к пресной воде</Text>
		</Row>
		<Row Tag="LOC_PLOT_MOD_TCS_ORIGINAL_FOUNDER" Language="ru_RU">
			<Text>Основан: {1_Name}</Text>
		</Row>
		<Row Tag="LOC_PLOT_MOD_TCS_TOTAL_YIELDS" Language="ru_RU">
			<Text>Общий доход:</Text>
		</Row>
	</LocalizedText>
</Database>