<?xml version="1.0" encoding="utf-8"?>
<Database>
	<LocalizedText>
		<Row Tag="LOC_PLOT_MOD_TCS_AGELESS" Language="pl_PL">
			<Text>Ponadczasowe</Text>
		</Row>
		<Row Tag="LOC_PLOT_MOD_TCS_OBSOLETE" Language="pl_PL">
			<Text>Przestarzałe</Text>
		</Row>
		<Row Tag="LOC_PLOT_MOD_TCS_UNIQUE" Language="pl_PL">
			<Text>Unikalne</Text>
		</Row>
		<Row Tag="LOC_PLOT_MOD_TCS_FULL_TILE" Language="pl_PL">
			<Text>Zajmuje całe pole</Text>
		</Row>
		<Row Tag="LOC_PLOT_MOD_TCS_CONNECTED" Language="pl_PL">
			<Text>Połączenia ⇄</Text>
		</Row>
		
		<Row Tag="LOC_PLOT_MOD_TCS_TERRAIN_BIOME" Language="pl_PL">
			<Text>{1_Terrain} {2_Biome}</Text>
		</Row>
		<Row Tag="LOC_PLOT_MOD_TCS_FEATURE_RIVER" Language="pl_PL">
			<Text>{1_Feature} • {2_River}</Text>
		</Row>
		<Row Tag="LOC_PLOT_MOD_TCS_VOLCANO" Language="pl_PL">
			<Text>{1_Name} ({2_Status} wulkan)</Text>
		</Row>
		<Row Tag="LOC_PLOT_MOD_TCS_UNNAMED_VOLCANO" Language="pl_PL">
			<Text>{1_Status} wulkan</Text>
		</Row>
		<Row Tag="LOC_PLOT_MOD_TCS_DORMANT" Language="pl_PL">
			<Text>Uśpiony</Text>
		</Row>
		<Row Tag="LOC_PLOT_MOD_TCS_ROUTE_FERRY" Language="pl_PL">
			<Text>{1_Route} • Traghetto</Text>
		</Row>
		<Row Tag="LOC_PLOT_MOD_TCS_COORDINATES" Language="pl_PL">
			<Text>Casella({1_X},{2_Y})</Text>
		</Row>
		<Row Tag="LOC_PLOT_MOD_TCS_CONSTRUCTIBLE_NAME" Language="pl_PL">
			<Text>{1_Name} {2_Tag}</Text>
		</Row>
		<Row Tag="LOC_PLOT_MOD_TCS_WILDERNESS" Language="pl_PL">
			<Text>Puste pole</Text>
		</Row>
		<Row Tag="LOC_PLOT_MOD_TCS_RURAL" Language="pl_PL">
			<Text>Wiejskie</Text>
		</Row>
		<Row Tag="LOC_PLOT_MOD_TCS_URBAN" Language="pl_PL">
			<Text>Miejskie</Text>
		</Row>
		<Row Tag="LOC_PLOT_MOD_TCS_QUARTER" Language="pl_PL">
			<Text>Dzielnica</Text>
		</Row>
		<Row Tag="LOC_PLOT_MOD_TCS_UNIQUE_QUARTER" Language="pl_PL">
			<Text>{1_Adjective} Unikalna dzielnica.</Text>
		</Row>
		<Row Tag="LOC_PLOT_MOD_TCS_CITY_CENTER" Language="pl_PL">
			<Text>Centrum miasta</Text>
		</Row>
		<Row Tag="LOC_PLOT_MOD_TCS_WONDER" Language="pl_PL">
			<Text>Cud</Text>
		</Row>
		<Row Tag="LOC_PLOT_MOD_TCS_SPECIALIST_COUNT" Language="pl_PL">
			<Text>Umieszczono {1_Count} spośród {2_Max} możliwych specjalistów</Text>
		</Row>
		<Row Tag="LOC_PLOT_MOD_TCS_FORTIFIED_WALL" Language="pl_PL">
			<Text>[b]Fortyfikacja[/b] ({1_CurrentHealth}/{2_MaxHealth} PŻ) • {3_Wall}</Text>
		</Row>
		<Row Tag="LOC_PLOT_MOD_TCS_FORTIFIED" Language="pl_PL">
			<Text>[b]Fortyfikacja[/b] ({1_CurrentHealth}/{2_MaxHealth} PŻ)</Text>
		</Row>
		<Row Tag="LOC_PLOT_MOD_TCS_DISTRICT_HEALTH" Language="pl_PL">
			<Text>{1_CurrentHealth}/{2_MaxHealth} PŻ</Text>
		</Row>
		<Row Tag="LOC_PLOT_MOD_TCS_UNITS" Language="pl_PL">
			<Text>Jednostki</Text>
		</Row>
		<Row Tag="LOC_PLOT_MOD_TCS_CONSTRUCTIBLE_STATUS" Language="pl_PL">
			<Text>{1_Constructible} {2_Status}</Text>
		</Row>
		<Row Tag="LOC_PLOT_MOD_TCS_POTENTIAL_IMPROVEMENT" Language="pl_PL">
			<Text>[STYLE:text-2xs]Dostępne ulepszenie:[/STYLE][N]{1_Name}</Text>
		</Row>
		<Row Tag="LOC_PLOT_MOD_TCS_VILLAGE" Language="pl_PL">
			<Text>Niezależna siła</Text>
		</Row>
		<Row Tag="LOC_PLOT_MOD_TCS_TOWN_GROWING" Language="pl_PL">
			<Text>Rozwijające się miasteczko</Text>
		</Row>
		<Row Tag="LOC_PLOT_MOD_TCS_TOWN_SPECIALIZED" Language="pl_PL">
			<Text>Wypecjalizowane miasteczko</Text>
		</Row>
		<Row Tag="LOC_PLOT_MOD_TCS_TOWN_FEEDING_PLURAL" Language="pl_PL">
			<Text>Zaopatrza {1_Num} miasta</Text>
		</Row>
		<Row Tag="LOC_PLOT_MOD_TCS_TOWN_FEEDING_SINGULAR" Language="pl_PL">
			<Text>Zaopatrza 1 miasto</Text>
		</Row>
		<Row Tag="LOC_PLOT_MOD_TCS_NOT_IN_TRADE_NETWORK" Language="pl_PL">
			<Text>Poza siecią handlową!</Text>
		</Row>
		<Row Tag="LOC_PLOT_MOD_TCS_HAPPY" Language="pl_PL">
			<Text>Zadowoleni</Text>
		</Row>
		<Row Tag="LOC_PLOT_MOD_TCS_UNHAPPY" Language="pl_PL">
			<Text>Niezadowoleni</Text>
		</Row>
		<Row Tag="LOC_PLOT_MOD_TCS_ANGRY" Language="pl_PL">
			<Text>Bunt</Text>
		</Row>
		<Row Tag="LOC_PLOT_MOD_TCS_PLAGUE" Language="pl_PL">
			<Text>Epidemia</Text>
		</Row>
		<Row Tag="LOC_PLOT_MOD_TCS_TRADE_ROUTES" Language="pl_PL">
			<Text>{1_Current}/{2_Capacity} aktywne szlaki handlowe</Text>
		</Row>
		<Row Tag="LOC_PLOT_MOD_TCS_CITY" Language="pl_PL">
			<Text>[icon:YIELD_CITIES] {1_Name}</Text>
		</Row>
		<Row Tag="LOC_PLOT_MOD_TCS_TOWN" Language="pl_PL">
			<Text>[icon:YIELD_TOWNS] {1_Name}</Text>
		</Row>
		<Row Tag="LOC_PLOT_MOD_TCS_FOOD_ICON_SENDING" Language="pl_PL">
			<Text> [icon:YIELD_FOOD]</Text>
		</Row>
		<Row Tag="LOC_PLOT_MOD_TCS_FOOD_ICON_RECEIVING" Language="pl_PL">
			<Text> [icon:YIELD_FOOD]</Text>
		</Row>			
		<Row Tag="LOC_PLOT_MOD_TCS_RELATIONSHIP_ALLIANCE" Language="pl_PL">
			<Text>({1_Status} Sojusznik)</Text>
		</Row>
		<Row Tag="LOC_PLOT_MOD_TCS_RELATIONSHIP_WAR" Language="pl_PL">
			<Text>(Wróg)</Text>
		</Row>
		<Row Tag="LOC_PLOT_MOD_TCS_RELATIONSHIP_OPEN_BORDERS" Language="pl_PL">
			<Text>({1_Name})</Text>
		</Row>
		<Row Tag="LOC_PLOT_MOD_TCS_RELATIONSHIP_OTHER" Language="pl_PL">
			<Text>({1_Status})</Text>
		</Row>
		<Row Tag="LOC_PLOT_MOD_TCS_RELATIONSHIP_VASSAL" Language="pl_PL">
			<Text>(Wasal)</Text>
		</Row>
		<Row Tag="LOC_PLOT_MOD_TCS_TOP_UNIT" Language="pl_PL">
			<Text>{1_Unit} • {2_Leader}</Text>
		</Row>
		<Row Tag="LOC_PLOT_MOD_TCS_ADDITIONAL_UNITS" Language="pl_PL">
			<Text>+{1_Count} więcej</Text>
		</Row>
		<Row Tag="LOC_PLOT_MOD_TCS_YOURS" Language="pl_PL">
			<Text>Twoja</Text>
		</Row>
		<Row Tag="LOC_PLOT_MOD_TCS_MORE_INFO" Language="pl_PL">
			<Text>+ + +</Text>
		</Row>
		<Row Tag="LOC_PLOT_MOD_TCS_DISTANT_LANDS" Language="pl_PL">
			<Text>(Odległe krainy)</Text>
		</Row>
		<Row Tag="LOC_PLOT_MOD_TCS_FRESH_WATER" Language="pl_PL">
			<Text>Woda pitna</Text>
		</Row>
		<Row Tag="LOC_PLOT_MOD_TCS_ORIGINAL_FOUNDER" Language="pl_PL">
			<Text>Założone przez {1_Name}</Text>
		</Row>
		<Row Tag="LOC_PLOT_MOD_TCS_TOTAL_YIELDS" Language="pl_PL">
			<Text>Całkowity dochód:</Text>
		</Row>
	</LocalizedText>
</Database>
